UserPrincipalName,Alias,Name,FirstName,LastName,DisplayName
MGarcia@adatum.local,MGarcia,MonicaGarcia,Monica,Garcia,Monica Garcia
LOsuna@adatum.local,LOsuna,LuisOsuna,Luis,Osuna,Luis Osuna
MHernandez@adatum.local,MHernandez,MarioHernandez,Mario,Hernandez,Mario Hernandez
DVelazquez@adatum.local,DVelazquez,DiegoVelazquez,Diego,Velazquez,Diego Velazquez
AAlfort@adatum.local,AAlfort,AaronAlfort,Aaron,Alfort,Aaron Alfort
AAllendorf@adatum.local,AAllendorf,AbrahamAllendorf,Abraham,Allendorf,Abraham Allendorf
AAlsop@adatum.local,AAlsop,AceaAlsop,Acea,Alsop,Acea Alsop
AAmaker@adatum.local,AAmaker,AdamAmaker,Adam,Amaker,Adam Amaker
AAngus@adatum.local,AAngus,AidanAngus,Aidan,Angus,Aidan Angus
AAnnan@adatum.local,AAnnan,AinsleeAnnan,Ainslee,Annan,Ainslee Annan
AAnnesley@adatum.local,AAnnesley,AlanAnnesley,Alan,Annesley,Alan Annesley
AAppleby@adatum.local,AAppleby,AleenAppleby,Aleen,Appleby,Aleen Appleby
AArbuthnot@adatum.local,AArbuthnot,AlexaArbuthnot,Alexa,Arbuthnot,Alexa Arbuthnot
AArmitage@adatum.local,AArmitage,AlexanderArmitage,Alexander,Armitage,Alexander Armitage
AArtois@adatum.local,AArtois,AlixandriaArtois,Alixandria,Artois,Alixandria Artois
AArundel@adatum.local,AArundel,AliyahArundel,Aliyah,Arundel,Aliyah Arundel
AAshburton@adatum.local,AAshburton,AlkaAshburton,Alka,Ashburton,Alka Ashburton
AAstor@adatum.local,AAstor,AlpAstor,Alp,Astor,Alp Astor
AAthill@adatum.local,AAthill,AlysonAthill,Alyson,Athill,Alyson Athill
ABarnwell@adatum.local,ABarnwell,AntonyBarnwell,Antony,Barnwell,Antony Barnwell
ABarringer@adatum.local,ABarringer,ArianaBarringer,Ariana,Barringer,Ariana Barringer
ABarrow@adatum.local,ABarrow,ArielleBarrow,Arielle,Barrow,Arielle Barrow
ABarry@adatum.local,ABarry,ArieneBarry,Ariene,Barry,Ariene Barry
ABarstow@adatum.local,ABarstow,ArmindaBarstow,Arminda,Barstow,Arminda Barstow
ABeakley@adatum.local,ABeakley,AshantiBeakley,Ashanti,Beakley,Ashanti Beakley
ABeal@adatum.local,ABeal,AshleyBeal,Ashley,Beal,Ashley Beal
ABeckett@adatum.local,ABeckett,AshtonBeckett,Ashton,Beckett,Ashton Beckett
ABeckwith@adatum.local,ABeckwith,AudreyBeckwith,Audrey,Beckwith,Audrey Beckwith
ABedford@adatum.local,ABedford,AudrinaBedford,Audrina,Bedford,Audrina Bedford
ABeers@adatum.local,ABeers,AuroraBeers,Aurora,Beers,Aurora Beers
ABellamy@adatum.local,ABellamy,AutumnBellamy,Autumn,Bellamy,Autumn Bellamy
BBelvidere@adatum.local,BBelvidere,BaileyBelvidere,Bailey,Belvidere,Bailey Belvidere
BBentley@adatum.local,BBentley,BaileyBentley,Bailey,Bentley,Bailey Bentley
BBerwick@adatum.local,BBerwick,BeatriceBerwick,Beatrice,Berwick,Beatrice Berwick
BBethune@adatum.local,BBethune,BeckyBethune,Becky,Bethune,Becky Bethune
BBeveridge@adatum.local,BBeveridge,BelleBeveridge,Belle,Beveridge,Belle Beveridge
BBeverly@adatum.local,BBeverly,BenjaminBeverly,Benjamin,Beverly,Benjamin Beverly
BBiggar@adatum.local,BBiggar,BeverleyBiggar,Beverley,Biggar,Beverley Biggar
BBillings@adatum.local,BBillings,BiancaBillings,Bianca,Billings,Bianca Billings
BBingham@adatum.local,BBingham,BlakeBingham,Blake,Bingham,Blake Bingham
BBinney@adatum.local,BBinney,BradenBinney,Braden,Binney,Braden Binney
BBirch@adatum.local,BBirch,BradleyBirch,Bradley,Birch,Bradley Birch
BBirney@adatum.local,BBirney,BradyBirney,Brady,Birney,Brady Birney
BBlackwood@adatum.local,BBlackwood,BrendanBlackwood,Brendan,Blackwood,Brendan Blackwood
BBlaisdale@adatum.local,BBlaisdale,BrentBlaisdale,Brent,Blaisdale,Brent Blaisdale
BBlaney@adatum.local,BBlaney,BrianBlaney,Brian,Blaney,Brian Blaney
BBloss@adatum.local,BBloss,BrianaBloss,Briana,Bloss,Briana Bloss
BBogue@adatum.local,BBogue,BriettaBogue,Brietta,Bogue,Brietta Bogue
BBolingbroke@adatum.local,BBolingbroke,BronwenBolingbroke,Bronwen,Bolingbroke,Bronwen Bolingbroke
BBolton@adatum.local,BBolton,BrookeBolton,Brooke,Bolton,Brooke Bolton
BBonar@adatum.local,BBonar,BrownBonar,Brown,Bonar,Brown Bonar
CBoswell@adatum.local,CBoswell,CadeBoswell,Cade,Boswell,Cade Boswell
CBoughton@adatum.local,CBoughton,CaitlinBoughton,Caitlin,Boughton,Caitlin Boughton
CBourne@adatum.local,CBourne,CaleBourne,Cale,Bourne,Cale Bourne
CBoynton@adatum.local,CBoynton,CalebBoynton,Caleb,Boynton,Caleb Boynton
CBradford@adatum.local,CBradford,CalumBradford,Calum,Bradford,Calum Bradford
CBraine@adatum.local,CBraine,CameronBraine,Cameron,Braine,Cameron Braine
CBrandon@adatum.local,CBrandon,CameronBrandon,Cameron,Brandon,Cameron Brandon
CBreck@adatum.local,CBreck,CaraBreck,Cara,Breck,Cara Breck
CBreckenridge@adatum.local,CBreckenridge,CariBreckenridge,Cari,Breckenridge,Cari Breckenridge
CBrentwood@adatum.local,CBrentwood,CarinBrentwood,Carin,Brentwood,Carin Brentwood
CBriare@adatum.local,CBriare,CarissaBriare,Carissa,Briare,Carissa Briare
CBridges@adatum.local,CBridges,CarolynBridges,Carolyn,Bridges,Carolyn Bridges
CBrienne@adatum.local,CBrienne,CarrieBrienne,Carrie,Brienne,Carrie Brienne
CBrierly@adatum.local,CBrierly,CarriganBrierly,Carrigan,Brierly,Carrigan Brierly
CBrighton@adatum.local,CBrighton,CarringtonBrighton,Carrington,Brighton,Carrington Brighton
CBrocklesby@adatum.local,CBrocklesby,CaryBrocklesby,Cary,Brocklesby,Cary Brocklesby
CBrodt@adatum.local,CBrodt,CaseyBrodt,Casey,Brodt,Casey Brodt
CBromley@adatum.local,CBromley,CassandraBromley,Cassandra,Bromley,Cassandra Bromley
CBrooks@adatum.local,CBrooks,CassieBrooks,Cassie,Brooks,Cassie Brooks
CBroomfield@adatum.local,CBroomfield,CatherineBroomfield,Catherine,Broomfield,Catherine Broomfield
CBrougham@adatum.local,CBrougham,CeasarBrougham,Ceasar,Brougham,Ceasar Brougham
CBroughton@adatum.local,CBroughton,ChandaBroughton,Chanda,Broughton,Chanda Broughton
CBryne@adatum.local,CBryne,ChandniBryne,Chandni,Bryne,Chandni Bryne
CBuchan@adatum.local,CBuchan,ChanelleBuchan,Chanelle,Buchan,Chanelle Buchan
CBuchanan@adatum.local,CBuchanan,CherylBuchanan,Cheryl,Buchanan,Cheryl Buchanan
CBuckbee@adatum.local,CBuckbee,CheyenneBuckbee,Cheyenne,Buckbee,Cheyenne Buckbee
CCadwell@adatum.local,CCadwell,CourtneyCadwell,Courtney,Cadwell,Courtney Cadwell
DCalder@adatum.local,DCalder,DaisyCalder,Daisy,Calder,Daisy Calder
DCaldwell@adatum.local,DCaldwell,DakotahCaldwell,Dakotah,Caldwell,Dakotah Caldwell
DCarden@adatum.local,DCarden,DakotahCarden,Dakotah,Carden,Dakotah Carden
DCarmichael@adatum.local,DCarmichael,DamianCarmichael,Damian,Carmichael,Damian Carmichael
DCary@adatum.local,DCary,DanicaCary,Danica,Cary,Danica Cary
DCaw@adatum.local,DCaw,DanielCaw,Daniel,Caw,Daniel Caw
DCaxton@adatum.local,DCaxton,DanielleCaxton,Danielle,Caxton,Danielle Caxton
DCayly@adatum.local,DCayly,DaraCayly,Dara,Cayly,Dara Cayly
DChadsey@adatum.local,DChadsey,DariaChadsey,Daria,Chadsey,Daria Chadsey
DChadwick@adatum.local,DChadwick,DavidChadwick,David,Chadwick,David Chadwick
DChalloner@adatum.local,DChalloner,DawnellChalloner,Dawnell,Challoner,Dawnell Challoner
DChatsworth@adatum.local,DChatsworth,DesireeChatsworth,Desiree,Chatsworth,Desiree Chatsworth
DChatterton@adatum.local,DChatterton,DestinyChatterton,Destiny,Chatterton,Destiny Chatterton
DChedsey@adatum.local,DChedsey,DevinChedsey,Devin,Chedsey,Devin Chedsey
DChesebrough@adatum.local,DChesebrough,DevinChesebrough,Devin,Chesebrough,Devin Chesebrough
DChester@adatum.local,DChester,DomenicChester,Domenic,Chester,Domenic Chester
DChetham@adatum.local,DChetham,DreamaChetham,Dreama,Chetham,Dreama Chetham
DChichester@adatum.local,DChichester,DrewChichester,Drew,Chichester,Drew Chichester
DChilton@adatum.local,DChilton,DrewChilton,Drew,Chilton,Drew Chilton
DChurch@adatum.local,DChurch,DulcieChurch,Dulcie,Church,Dulcie Church
DClauson@adatum.local,DClauson,DustinClauson,Dustin,Clauson,Dustin Clauson
DClavering@adatum.local,DClavering,DylanClavering,Dylan,Clavering,Dylan Clavering
EClay@adatum.local,EClay,EglantineClay,Eglantine,Clay,Eglantine Clay
ECleveland@adatum.local,ECleveland,ElaineCleveland,Elaine,Cleveland,Elaine Cleveland
ECliff@adatum.local,ECliff,ElieshaCliff,Eliesha,Cliff,Eliesha Cliff
EClifton@adatum.local,EClifton,ElizabethClifton,Elizabeth,Clifton,Elizabeth Clifton
EClum@adatum.local,EClum,ElouiseClum,Elouise,Clum,Elouise Clum
HDanford@adatum.local,HDanford,HongDanford,Hong,Danford,Hong Danford
HDarby@adatum.local,HDarby,HopeDarby,Hope,Darby,Hope Darby
IDavenport@adatum.local,IDavenport,IanDavenport,Ian,Davenport,Ian Davenport
IDearden@adatum.local,IDearden,IrisDearden,Iris,Dearden,Iris Dearden
IDenio@adatum.local,IDenio,IsaacDenio,Isaac,Denio,Isaac Denio
IDerby@adatum.local,IDerby,IsaiahDerby,Isaiah,Derby,Isaiah Derby
JDevenish@adatum.local,JDevenish,JacksonDevenish,Jackson,Devenish,Jackson Devenish
JDevlin@adatum.local,JDevlin,JacobDevlin,Jacob,Devlin,Jacob Devlin
JDigby@adatum.local,JDigby,JadeDigby,Jade,Digby,Jade Digby
JDinsmor@adatum.local,JDinsmor,JaimeDinsmor,Jaime,Dinsmor,Jaime Dinsmor
JD'Oily@adatum.local,JD'Oily,JamesD'Oily,James,D'Oily,James D'Oily
JDolbeer@adatum.local,JDolbeer,JamieDolbeer,Jamie,Dolbeer,Jamie Dolbeer
JDole@adatum.local,JDole,JanelDole,Janel,Dole,Janel Dole
JDorset@adatum.local,JDorset,JanessaDorset,Janessa,Dorset,Janessa Dorset
JDudley@adatum.local,JDudley,JaredDudley,Jared,Dudley,Jared Dudley
JDumfries@adatum.local,JDumfries,JasmineDumfries,Jasmine,Dumfries,Jasmine Dumfries
JDun@adatum.local,JDun,JasonDun,Jason,Dun,Jason Dun
JEsham@adatum.local,JEsham,JoshuaEsham,Joshua,Esham,Joshua Esham
KFoote@adatum.local,KFoote,KellyFoote,Kelly,Foote,Kelly Foote
KForbes@adatum.local,KForbes,KellyForbes,Kelly,Forbes,Kelly Forbes
KFordham@adatum.local,KFordham,KelseyFordham,Kelsey,Fordham,Kelsey Fordham
KFosdyke@adatum.local,KFosdyke,KelseyFosdyke,Kelsey,Fosdyke,Kelsey Fosdyke
KFotherby@adatum.local,KFotherby,KendallFotherby,Kendall,Fotherby,Kendall Fotherby
KFothergill@adatum.local,KFothergill,KendallFothergill,Kendall,Fothergill,Kendall Fothergill
KFotheringham@adatum.local,KFotheringham,KendraFotheringham,Kendra,Fotheringham,Kendra Fotheringham
KFremont@adatum.local,KFremont,KeokiFremont,Keoki,Fremont,Keoki Fremont
KFrothingham@adatum.local,KFrothingham,KerryFrothingham,Kerry,Frothingham,Kerry Frothingham
KFulham@adatum.local,KFulham,KerryFulham,Kerry,Fulham,Kerry Fulham
KFulsom@adatum.local,KFulsom,KhalidFulsom,Khalid,Fulsom,Khalid Fulsom
KGano@adatum.local,KGano,KionaGano,Kiona,Gano,Kiona Gano
KGarfield@adatum.local,KGarfield,KiraGarfield,Kira,Garfield,Kira Garfield
KGarnet@adatum.local,KGarnet,KirstieGarnet,Kirstie,Garnet,Kirstie Garnet
KGarrison@adatum.local,KGarrison,KodyGarrison,Kody,Garrison,Kody Garrison
KGaston@adatum.local,KGaston,KyleGaston,Kyle,Gaston,Kyle Gaston
LGavet@adatum.local,LGavet,LaceeGavet,Lacee,Gavet,Lacee Gavet
LGetty@adatum.local,LGetty,LandonGetty,Landon,Getty,Landon Getty
LGihon@adatum.local,LGihon,LaneGihon,Lane,Gihon,Lane Gihon
LGill@adatum.local,LGill,LauraGill,Laura,Gill,Laura Gill
LGirdwood@adatum.local,LGirdwood,LaurenGirdwood,Lauren,Girdwood,Lauren Girdwood
LGirvan@adatum.local,LGirvan,LavinaGirvan,Lavina,Girvan,Lavina Girvan
LGlanville@adatum.local,LGlanville,LeifGlanville,Leif,Glanville,Leif Glanville
LGlentworth@adatum.local,LGlentworth,LeighGlentworth,Leigh,Glentworth,Leigh Glentworth
LGliston@adatum.local,LGliston,LeighaGliston,Leigha,Gliston,Leigha Gliston
LGloucester@adatum.local,LGloucester,LeslieGloucester,Leslie,Gloucester,Leslie Gloucester
LGoadby@adatum.local,LGoadby,LeslieGoadby,Leslie,Goadby,Leslie Goadby
LGoring@adatum.local,LGoring,LeviGoring,Levi,Goring,Levi Goring
LGoudy@adatum.local,LGoudy,LiamGoudy,Liam,Goudy,Liam Goudy
LGrasse@adatum.local,LGrasse,LiamGrasse,Liam,Grasse,Liam Grasse
LGray@adatum.local,LGray,LindellGray,Lindell,Gray,Lindell Gray
LGreely@adatum.local,LGreely,LindsayGreely,Lindsay,Greely,Lindsay Greely
LGrimsby@adatum.local,LGrimsby,LynnGrimsby,Lynn,Grimsby,Lynn Grimsby
MHadley@adatum.local,MHadley,MackennaHadley,Mackenna,Hadley,Mackenna Hadley
MHaineau@adatum.local,MHaineau,MackenzieHaineau,Mackenzie,Haineau,Mackenzie Haineau
MHalden@adatum.local,MHalden,MadisonHalden,Madison,Halden,Madison Halden
MHales@adatum.local,MHales,MadisonHales,Madison,Hales,Madison Hales
NHedges@adatum.local,NHedges,NadaHedges,Nada,Hedges,Nada Hedges
NHedon@adatum.local,NHedon,NaomiHedon,Naomi,Hedon,Naomi Hedon
NHelling@adatum.local,NHelling,NatalieHelling,Natalie,Helling,Natalie Helling
NHenley@adatum.local,NHenley,NathalieHenley,Nathalie,Henley,Nathalie Henley
PHouston@adatum.local,PHouston,PhillipHouston,Phillip,Houston,Phillip Houston
QHubbell@adatum.local,QHubbell,QuentinHubbell,Quentin,Hubbell,Quentin Hubbell
QHuddleston@adatum.local,QHuddleston,QuinlanHuddleston,Quinlan,Huddleston,Quinlan Huddleston
RHull@adatum.local,RHull,RachelHull,Rachel,Hull,Rachel Hull
RHungerford@adatum.local,RHungerford,RaelynHungerford,Raelyn,Hungerford,Raelyn Hungerford
SKendall@adatum.local,SKendall,SabrinaKendall,Sabrina,Kendall,Sabrina Kendall
SKent@adatum.local,SKent,SamuelKent,Samuel,Kent,Samuel Kent
SKettle@adatum.local,SKettle,SapphyreKettle,Sapphyre,Kettle,Sapphyre Kettle
SKilburne@adatum.local,SKilburne,SarahKilburne,Sarah,Kilburne,Sarah Kilburne
SKilham@adatum.local,SKilham,SariKilham,Sari,Kilham,Sari Kilham
SKinghorn@adatum.local,SKinghorn,ScarletKinghorn,Scarlet,Kinghorn,Scarlet Kinghorn
SKingston@adatum.local,SKingston,ScottKingston,Scott,Kingston,Scott Kingston
SKinloch@adatum.local,SKinloch,SeanKinloch,Sean,Kinloch,Sean Kinloch
SKirby@adatum.local,SKirby,SecretKirby,Secret,Kirby,Secret Kirby
SKirkaldy@adatum.local,SKirkaldy,ShanequaKirkaldy,Shanequa,Kirkaldy,Shanequa Kirkaldy
SKirkham@adatum.local,SKirkham,ShannonKirkham,Shannon,Kirkham,Shannon Kirkham
SKirkpatrick@adatum.local,SKirkpatrick,SharonKirkpatrick,Sharon,Kirkpatrick,Sharon Kirkpatrick
SKnox@adatum.local,SKnox,ShenitaKnox,Shenita,Knox,Shenita Knox
SKyle@adatum.local,SKyle,ShiquitaKyle,Shiquita,Kyle,Shiquita Kyle
SLacy@adatum.local,SLacy,SierraLacy,Sierra,Lacy,Sierra Lacy
SLancaster@adatum.local,SLancaster,SkylarLancaster,Skylar,Lancaster,Skylar Lancaster
SLangton@adatum.local,SLangton,SkylerLangton,Skyler,Langton,Skyler Langton
TMedcaf@adatum.local,TMedcaf,TristinMedcaf,Tristin,Medcaf,Tristin Medcaf
TMerton@adatum.local,TMerton,TylerMerton,Tyler,Merton,Tyler Merton
VMeyeul@adatum.local,VMeyeul,VanceMeyeul,Vance,Meyeul,Vance Meyeul
VMiddleditch@adatum.local,VMiddleditch,VaneaMiddleditch,Vanea,Middleditch,Vanea Middleditch
VMiddleton@adatum.local,VMiddleton,VanessaMiddleton,Vanessa,Middleton,Vanessa Middleton
VMilbourne@adatum.local,VMilbourne,VanyaMilbourne,Vanya,Milbourne,Vanya Milbourne
VMills@adatum.local,VMills,VedikaMills,Vedika,Mills,Vedika Mills
VMilthorpe@adatum.local,VMilthorpe,VeronicaMilthorpe,Veronica,Milthorpe,Veronica Milthorpe
VMilton@adatum.local,VMilton,VickiMilton,Vicki,Milton,Vicki Milton
VMoffatt@adatum.local,VMoffatt,VictorMoffatt,Victor,Moffatt,Victor Moffatt
VMonroe@adatum.local,VMonroe,VictoriaMonroe,Victoria,Monroe,Victoria Monroe
VMonteith@adatum.local,VMonteith,VincentMonteith,Vincent,Monteith,Vincent Monteith
VMoray@adatum.local,VMoray,VirgilMoray,Virgil,Moray,Virgil Moray
WMorley@adatum.local,WMorley,WayneMorley,Wayne,Morley,Wayne Morley
WMoseley@adatum.local,WMoseley,WesleyMoseley,Wesley,Moseley,Wesley Moseley
ZNorton@adatum.local,ZNorton,ZagrosNorton,Zagros,Norton,Zagros Norton
ZNorwich@adatum.local,ZNorwich,ZeoNorwich,Zeo,Norwich,Zeo Norwich
ZNottingham@adatum.local,ZNottingham,ZitaNottingham,Zita,Nottingham,Zita Nottingham